Loan_ID,Gender,Married,Dependents,Education,Self_Employed,ApplicantIncome,CoapplicantIncome,LoanAmount,Loan_Amount_Term,Credit_History,Property_Area,Loan_Status,TotalIncome,Income_to_Loan_Ratio
LP001000,Male,No,3+,Graduate,No,7268,300,157.0,360.0,1.0,Rural,Y,7568,0.048203514627295364
LP001001,Female,No,0,Graduate,No,11189,0,212.0,360.0,1.0,Semiurban,Y,11189,0.05277805293371258
LP001002,Male,Yes,2,Not Graduate,No,2267,0,47.0,180.0,1.0,Urban,N,2267,0.048233016318801725
LP001003,Male,Yes,0,Graduate,No,2564,0,67.0,360.0,1.0,Semiurban,Y,2564,0.03826808555096193
LP001004,Male,No,0,Graduate,No,8189,890,230.0,360.0,1.0,Urban,N,9079,0.03947374141851557
LP001005,Male,No,0,Graduate,No,5233,0,130.0,120.0,1.0,Semiurban,Y,5233,0.040253536511257605
LP001006,Male,Yes,1,Not Graduate,No,6191,0,153.0,360.0,1.0,Semiurban,Y,6191,0.040463787818380274
LP001007,Female,Yes,0,Graduate,No,5455,0,96.0,360.0,1.0,Semiurban,Y,5455,0.05682232476745034
LP001008,Male,Yes,2,Graduate,No,5621,1925,144.0,360.0,1.0,Semiurban,Y,7546,0.05240241387212589
LP001009,Male,Yes,0,Not Graduate,No,2006,610,126.0,360.0,1.0,Rural,Y,2616,0.020761739986190585
LP001010,Male,Yes,3+,Not Graduate,No,8336,0,164.0,360.0,1.0,Semiurban,Y,8336,0.05082895836001
LP001011,Female,Yes,0,Not Graduate,Yes,8971,1915,130.0,360.0,1.0,Semiurban,Y,10886,0.08373781740140461
LP001012,Female,Yes,2,Not Graduate,No,3875,1018,110.0,84.0,1.0,Rural,Y,4893,0.044481413805329044
LP001013,Male,No,2,Graduate,No,4332,1535,137.0,360.0,1.0,Rural,Y,5867,0.04282450493062095
LP001014,Male,Yes,2,Graduate,No,1774,0,87.0,360.0,1.0,Urban,Y,1774,0.020390570223330767
LP001015,Male,Yes,2,Graduate,No,6054,1135,201.0,360.0,1.0,Semiurban,Y,7189,0.03576599121397406
LP001016,Male,No,2,Not Graduate,No,6268,2182,185.0,360.0,1.0,Urban,Y,8450,0.04567542878146605
LP001017,Male,No,1,Graduate,No,4284,1518,124.0,360.0,1.0,Urban,Y,5802,0.046789945242377076
LP001018,Male,Yes,0,Graduate,No,8730,0,192.0,360.0,1.0,Semiurban,Y,8730,0.04546851318482716
LP001019,Male,Yes,0,Graduate,No,3639,1602,134.0,360.0,1.0,Rural,Y,5241,0.039111648420534176
LP001020,Male,Yes,3+,Graduate,Yes,6240,2372,218.0,360.0,1.0,Urban,Y,8612,0.03950440594309201
LP001021,Male,Yes,1,Graduate,No,2411,259,73.0,180.0,1.0,Rural,Y,2670,0.036574841440528215
LP001022,Male,Yes,0,Not Graduate,Yes,4384,0,126.0,180.0,0.0,Rural,N,4384,0.0347933746557567
LP001023,Male,Yes,0,Not Graduate,No,4005,0,149.0,360.0,1.0,Rural,N,4005,0.026879014234803794
LP001024,Male,Yes,0,Graduate,No,5090,1882,170.0,360.0,1.0,Urban,Y,6972,0.041011523461626696
LP001025,Male,Yes,0,Graduate,No,3562,3490,170.0,360.0,1.0,Rural,Y,7052,0.04148210892877101
LP001026,Male,Yes,1,Graduate,No,4109,0,130.0,180.0,1.0,Urban,Y,4109,0.031607449173467896
LP001027,Male,Yes,0,Graduate,No,7299,759,130.0,360.0,1.0,Semiurban,Y,8058,0.061984138583549356
LP001028,Male,Yes,0,Not Graduate,No,3421,0,100.0,360.0,1.0,Urban,N,3421,0.03420965790342097
LP001029,Male,Yes,0,Graduate,No,1696,715,65.0,360.0,0.0,Urban,Y,2411,0.037091737050199226
LP001030,Male,Yes,0,Graduate,No,12704,5366,365.0,360.0,1.0,Rural,N,18070,0.04950671368023649
LP001031,Male,No,1,Not Graduate,No,10187,674,244.0,360.0,1.0,Semiurban,N,10861,0.044512112655276
LP001032,Male,Yes,0,Graduate,No,2048,858,76.0,360.0,1.0,Urban,N,2906,0.038236338995539534
LP001033,Female,No,2,Graduate,No,6726,0,188.0,360.0,0.0,Urban,N,6726,0.03577640544465189
LP001034,Female,No,0,Graduate,No,3288,511,98.0,360.0,1.0,Semiurban,Y,3799,0.03876491056213712
LP001035,Female,Yes,0,Graduate,No,5208,0,101.0,360.0,0.0,Urban,N,5208,0.051563845902515816
LP001036,Male,Yes,0,Graduate,No,5305,1726,190.0,360.0,1.0,Rural,Y,7031,0.037005068394376874
LP001037,Male,Yes,0,Graduate,No,3863,1026,111.0,180.0,0.0,Urban,Y,4889,0.044044648246412195
LP001038,Male,Yes,0,Graduate,No,2778,1243,116.0,360.0,1.0,Urban,Y,4021,0.034663494280221724
LP001039,Male,No,0,Not Graduate,No,2938,0,64.0,180.0,1.0,Semiurban,Y,2938,0.045905532726051156
LP001040,Male,Yes,1,Graduate,No,2566,398,59.0,360.0,1.0,Semiurban,Y,2964,0.050236436670564905
LP001041,Male,Yes,0,Graduate,No,2699,0,76.0,360.0,1.0,Semiurban,N,2699,0.03551269062249181
LP001042,Male,Yes,1,Graduate,No,4271,0,105.0,360.0,1.0,Urban,Y,4271,0.04067580308758964
LP001043,Female,Yes,2,Graduate,No,2894,1359,119.0,360.0,1.0,Rural,N,4253,0.03573919546894564
LP001044,Male,Yes,2,Graduate,No,6695,1603,177.0,360.0,1.0,Semiurban,Y,8298,0.0468810910672821
LP001045,Male,Yes,0,Graduate,No,10854,2331,228.0,360.0,1.0,Urban,Y,13185,0.05782869373379941
LP001046,Male,Yes,0,Graduate,No,3139,0,69.0,360.0,1.0,Semiurban,Y,3139,0.04549209431747366
LP001047,Male,No,0,Not Graduate,No,5134,0,146.0,360.0,1.0,Rural,Y,5134,0.03516414271135129
LP001048,Male,Yes,0,Graduate,No,6001,1574,162.0,360.0,1.0,Urban,Y,7575,0.046758970623638124
LP001049,Male,Yes,3+,Graduate,Yes,5902,4941,229.0,240.0,1.0,Urban,Y,10843,0.047349138213370244
LP001050,Male,Yes,0,Not Graduate,No,4654,0,142.0,360.0,0.0,Rural,N,4654,0.03277441708156985
LP001051,Male,Yes,0,Graduate,No,6943,5735,252.0,120.0,1.0,Semiurban,Y,12678,0.05030932416934854
LP001052,Female,Yes,1,Graduate,No,5939,2490,142.0,360.0,1.0,Semiurban,Y,8429,0.059358736910303446
LP001053,Female,Yes,0,Graduate,No,2116,2084,99.0,360.0,1.0,Urban,N,4200,0.04242381390086969
LP001054,Male,Yes,0,Graduate,Yes,7491,1615,187.0,360.0,1.0,Urban,Y,9106,0.04869492676509751
LP001055,Female,Yes,0,Graduate,No,7573,1097,164.0,360.0,1.0,Semiurban,Y,8670,0.05286553130773593
LP001056,Male,Yes,0,Graduate,No,2813,3499,140.0,360.0,1.0,Urban,Y,6312,0.045085392247198236
LP001057,Male,No,0,Not Graduate,No,4549,1498,155.0,360.0,1.0,Semiurban,N,6047,0.039012651531280446
LP001058,Male,Yes,0,Graduate,No,6700,0,153.0,360.0,1.0,Semiurban,Y,6700,0.04379056346036954
LP001059,Male,Yes,0,Graduate,No,3922,547,118.0,360.0,1.0,Urban,Y,4469,0.03787256040203049
LP001060,Male,Yes,0,Graduate,Yes,8465,1154,266.0,360.0,1.0,Rural,Y,9619,0.03616151818978124
LP001061,Male,No,0,Graduate,No,18367,1716,411.0,360.0,0.0,Rural,N,20083,0.04886362806903146
LP001062,Female,Yes,0,Graduate,No,2775,0,83.0,360.0,1.0,Rural,Y,2775,0.03343333212852857
LP001063,Male,Yes,0,Graduate,No,1941,3551,114.0,360.0,1.0,Urban,N,5492,0.048175016008631506
LP001064,Male,No,0,Not Graduate,No,5336,281,106.0,360.0,1.0,Urban,Y,5617,0.05299006613145159
LP001065,Male,No,1,Graduate,Yes,6856,0,139.0,360.0,1.0,Semiurban,Y,6856,0.04932338616268948
LP001066,Male,No,2,Graduate,No,3871,0,83.0,360.0,1.0,Urban,Y,3871,0.04663799231334562
LP001067,Female,Yes,0,Graduate,No,10635,2459,292.0,360.0,1.0,Rural,Y,13094,0.044842312183862386
LP001068,Male,Yes,0,Graduate,No,1991,0,130.0,360.0,0.0,Urban,N,1991,0.015315266805639957
LP001069,Female,No,0,Not Graduate,No,6739,1873,170.0,360.0,1.0,Semiurban,Y,8612,0.05065852553808507
LP001070,Male,No,1,Not Graduate,No,3091,671,82.0,240.0,1.0,Semiurban,Y,3762,0.04587748929891099
LP001071,Male,Yes,1,Graduate,No,12476,3727,342.0,360.0,1.0,Semiurban,Y,16203,0.047377054453057156
LP001072,Male,Yes,0,Graduate,Yes,14698,0,325.0,360.0,1.0,Urban,Y,14698,0.04522447623238082
LP001073,Female,Yes,3+,Graduate,No,2807,0,84.0,360.0,1.0,Semiurban,Y,2807,0.033416268853942215
LP001074,Male,No,0,Not Graduate,No,3197,1207,146.0,360.0,1.0,Urban,Y,4404,0.03016417695769207
LP001075,Male,Yes,0,Graduate,No,7448,0,96.0,360.0,1.0,Rural,Y,7448,0.07758252518202935
LP001076,Male,Yes,1,Graduate,No,3525,760,34.0,360.0,1.0,Urban,Y,4285,0.1260257051263198
LP001077,Male,Yes,2,Graduate,Yes,4327,0,91.0,360.0,1.0,Rural,Y,4327,0.04754892803375787
LP001078,Male,Yes,1,Graduate,No,4515,0,143.0,360.0,1.0,Rural,Y,4515,0.03157320578177775
LP001079,Male,Yes,2,Graduate,No,1500,0,10.0,360.0,1.0,Urban,Y,1500,0.14998500149985
LP001080,Female,Yes,0,Graduate,No,4410,747,32.0,360.0,1.0,Rural,Y,5157,0.16115121402456173
LP001081,Male,Yes,2,Graduate,No,2939,1788,131.0,120.0,1.0,Urban,Y,4727,0.03608369401760292
LP001082,Male,Yes,0,Not Graduate,No,3308,0,93.0,360.0,1.0,Rural,N,3308,0.03556951000526876
LP001083,Male,Yes,2,Graduate,No,10574,0,198.0,360.0,1.0,Semiurban,Y,10574,0.053403770688026826
LP001084,Male,Yes,0,Graduate,No,2092,0,32.0,360.0,1.0,Urban,Y,2092,0.06537295709509078
LP001085,Male,Yes,2,Graduate,No,7243,300,141.0,360.0,1.0,Semiurban,Y,7543,0.05349607449592556
LP001086,Male,Yes,0,Graduate,No,3761,0,98.0,360.0,1.0,Urban,Y,3761,0.03837715941674064
LP001087,Male,Yes,1,Graduate,No,3759,1067,97.0,360.0,1.0,Rural,Y,4826,0.0497520644117071
LP001088,Female,Yes,0,Graduate,Yes,7145,1052,198.0,360.0,1.0,Urban,N,8197,0.04139878081423831
LP001089,Male,Yes,1,Graduate,No,5453,508,53.0,360.0,1.0,Semiurban,Y,5961,0.11246957604573499
LP001090,Male,Yes,0,Graduate,Yes,6262,0,119.0,360.0,1.0,Semiurban,Y,6262,0.05262140654280216
LP001091,Male,No,0,Graduate,No,7949,1637,177.0,360.0,1.0,Rural,Y,9586,0.054157886113637775
LP001092,Male,Yes,0,Graduate,No,3645,0,85.0,360.0,0.0,Urban,N,3645,0.042881848448841776
LP001093,Male,No,0,Not Graduate,Yes,3079,0,65.0,360.0,1.0,Semiurban,Y,3079,0.0473685020230458
LP001094,Male,Yes,2,Graduate,No,2319,3099,152.0,360.0,1.0,Semiurban,Y,5418,0.035644502338800406
LP001095,Male,No,0,Not Graduate,Yes,2710,5035,119.0,360.0,0.0,Semiurban,N,7745,0.06508348669338913
LP001096,Male,No,3+,Graduate,No,26093,0,543.0,360.0,1.0,Urban,Y,26093,0.04805331850217587
LP001097,Male,Yes,0,Graduate,No,9384,0,224.0,180.0,1.0,Urban,Y,9384,0.04189267012200838
LP001098,Male,Yes,0,Graduate,Yes,1977,1984,154.0,360.0,1.0,Urban,Y,3961,0.02572061220381686
LP001099,Male,Yes,2,Graduate,No,2011,0,45.0,180.0,1.0,Rural,Y,2011,0.044687895824537235
LP001100,Male,Yes,1,Not Graduate,No,5937,1198,172.0,360.0,0.0,Urban,N,7135,0.041482316963273466
LP001101,Male,No,0,Graduate,No,6175,2420,137.0,360.0,1.0,Semiurban,Y,8595,0.06273676834475661
LP001102,Male,No,0,Not Graduate,Yes,6181,0,71.0,360.0,1.0,Urban,Y,6181,0.0870551118998324
LP001103,Male,No,1,Graduate,No,3816,3845,198.0,180.0,1.0,Rural,Y,7661,0.038691723779172835
LP001104,Female,Yes,0,Graduate,No,4124,0,102.0,360.0,1.0,Rural,Y,4124,0.04043097616690033
LP001105,Male,No,0,Graduate,No,5413,963,182.0,360.0,1.0,Semiurban,Y,6376,0.03503277454519481
LP001106,Male,No,3+,Graduate,Yes,4682,1247,97.0,360.0,1.0,Semiurban,N,5929,0.0611230812053484
LP001107,Male,Yes,1,Graduate,Yes,1500,0,65.0,360.0,1.0,Urban,Y,1500,0.023076568052799187
LP001108,Male,Yes,0,Graduate,No,3874,335,160.0,360.0,1.0,Urban,N,4209,0.02630608558696508
LP001109,Male,Yes,1,Graduate,No,2668,4429,174.0,240.0,1.0,Urban,Y,7097,0.04078712191309245
LP001110,Male,Yes,0,Graduate,No,4940,0,127.0,84.0,1.0,Semiurban,Y,4940,0.03889733151707467
LP001111,Male,No,0,Graduate,No,26666,1909,591.0,360.0,1.0,Semiurban,Y,28575,0.04835017199632488
LP001112,Female,Yes,0,Not Graduate,No,5544,0,83.0,240.0,1.0,Rural,N,5544,0.06679437597137385
LP001113,Female,No,0,Not Graduate,No,3684,0,134.0,360.0,1.0,Semiurban,Y,3684,0.027492332146775024
LP001114,Male,Yes,2,Graduate,No,7731,0,156.0,360.0,0.0,Semiurban,N,7731,0.049557374632213894
LP001115,Female,Yes,1,Graduate,No,5940,0,153.0,360.0,1.0,Semiurban,Y,5940,0.03882327566486494
LP001116,Female,Yes,2,Graduate,No,5721,0,87.0,360.0,1.0,Semiurban,Y,5721,0.06575786485212813
LP001117,Male,Yes,0,Not Graduate,No,6400,0,130.0,480.0,1.0,Urban,Y,6400,0.04923039053545742
LP001118,Female,No,0,Graduate,No,15274,1237,393.0,360.0,0.0,Semiurban,N,16511,0.0420126157439803
LP001119,Male,Yes,0,Graduate,No,2256,826,130.0,360.0,1.0,Semiurban,Y,3082,0.023707509942231215
LP001120,Female,Yes,3+,Not Graduate,No,5908,1892,219.0,360.0,1.0,Semiurban,Y,7800,0.03561627572476838
LP001121,Female,No,0,Graduate,No,2550,0,68.0,360.0,1.0,Rural,Y,2550,0.037499448537521504
LP001122,Male,Yes,2,Graduate,No,6206,0,88.0,360.0,0.0,Urban,N,6206,0.07052192588720582
LP001123,Male,No,1,Graduate,No,2562,0,98.0,480.0,1.0,Urban,Y,2562,0.0261425903817308
LP001124,Male,Yes,0,Graduate,Yes,3461,1225,96.0,360.0,1.0,Semiurban,Y,4686,0.04881199154175477
LP001125,Male,Yes,1,Graduate,No,3725,653,128.0,360.0,0.0,Semiurban,Y,4378,0.03420285779017351
LP001126,Female,Yes,0,Graduate,No,7986,0,180.0,360.0,1.0,Urban,Y,7986,0.04436642018655452
LP001127,Female,Yes,2,Graduate,No,7716,0,128.0,360.0,1.0,Rural,Y,7716,0.06028077905641362
LP001128,Male,No,3+,Graduate,No,2106,130,69.0,360.0,1.0,Rural,N,2236,0.03240532745902233
LP001129,Male,Yes,0,Not Graduate,No,4596,0,177.0,360.0,0.0,Rural,N,4596,0.02596595499460455
LP001130,Male,Yes,0,Graduate,Yes,2905,0,92.0,360.0,1.0,Urban,Y,2905,0.03157574374191585
LP001131,Male,No,1,Graduate,No,2089,363,67.0,360.0,1.0,Rural,N,2452,0.03659646870942225
LP001132,Male,Yes,3+,Graduate,No,3904,497,140.0,360.0,1.0,Semiurban,Y,4401,0.03143548974650181
LP001133,Male,Yes,0,Not Graduate,No,3695,0,100.0,360.0,1.0,Semiurban,Y,3695,0.036949630503694965
LP001134,Female,No,1,Graduate,No,19073,0,407.0,360.0,0.0,Semiurban,N,19073,0.046862292721639505
LP001135,Male,Yes,1,Graduate,No,5766,1720,136.0,360.0,1.0,Rural,Y,7486,0.055043712913875636
LP001136,Male,Yes,1,Not Graduate,No,1945,0,65.0,360.0,1.0,Semiurban,Y,1945,0.029922616575129613
LP001137,Male,No,0,Not Graduate,No,3168,0,114.0,240.0,1.0,Semiurban,Y,3168,0.027789229919035797
LP001138,Male,Yes,1,Graduate,No,8207,0,130.0,360.0,1.0,Semiurban,Y,8207,0.06313028361320297
LP001139,Female,Yes,3+,Not Graduate,No,15569,0,374.0,360.0,1.0,Semiurban,Y,15569,0.04162823094055898
LP001140,Female,Yes,0,Graduate,No,1717,0,51.0,360.0,1.0,Urban,Y,1717,0.0336660065488912
LP001141,Male,No,0,Graduate,No,1500,329,29.0,360.0,1.0,Rural,Y,1829,0.06306679080031723
LP001142,Male,Yes,3+,Graduate,No,13664,0,323.0,360.0,1.0,Semiurban,Y,13664,0.04230327460286501
LP001143,Male,Yes,0,Graduate,Yes,5618,0,123.0,180.0,1.0,Semiurban,Y,5618,0.04567442541117552
LP001144,Male,No,2,Graduate,No,2641,1239,120.0,360.0,0.0,Urban,N,3880,0.03233306389113424
LP001145,Male,No,0,Graduate,Yes,6128,960,153.0,360.0,1.0,Semiurban,Y,7088,0.04632649459807452
LP001146,Male,Yes,0,Graduate,No,1500,628,60.0,360.0,1.0,Urban,Y,2128,0.03546607556540724
LP001147,Male,Yes,2,Graduate,No,4456,2178,167.0,360.0,1.0,Urban,N,6634,0.0397243130280657
LP001148,Male,Yes,0,Graduate,Yes,5413,0,136.0,360.0,1.0,Semiurban,Y,5413,0.039801177932515204
LP001149,Male,No,0,Graduate,No,7743,2491,164.0,240.0,1.0,Semiurban,Y,10234,0.06240205852403339
LP001150,Female,Yes,0,Graduate,Yes,2420,600,46.0,360.0,1.0,Semiurban,Y,3020,0.06565074672289734
LP001151,Male,Yes,0,Graduate,No,4681,733,156.0,360.0,0.0,Urban,N,5414,0.03470490573778373
LP001152,Male,No,0,Graduate,No,2552,414,130.0,360.0,0.0,Semiurban,Y,2966,0.022815209113776047
LP001153,Male,No,0,Graduate,Yes,5183,896,125.0,360.0,1.0,Urban,Y,6079,0.04863161094711242
LP001154,Female,Yes,3+,Not Graduate,No,2598,2922,89.0,360.0,0.0,Rural,Y,5520,0.06202177503623555
LP001155,Male,No,0,Graduate,Yes,3481,0,57.0,360.0,1.0,Semiurban,Y,3481,0.06106910405080613
LP001156,Male,Yes,1,Graduate,No,2446,2929,66.0,360.0,1.0,Semiurban,Y,5375,0.08143816002787836
LP001157,Male,No,0,Graduate,No,6572,2033,189.0,360.0,0.0,Urban,Y,8605,0.045528859635663305
LP001158,Male,Yes,2,Graduate,No,7443,553,161.0,360.0,1.0,Urban,Y,7996,0.049664287799454664
LP001159,Male,Yes,0,Graduate,Yes,3863,0,68.0,360.0,1.0,Rural,Y,3863,0.0568079881178218
LP001160,Male,No,3+,Not Graduate,No,4550,717,123.0,360.0,1.0,Urban,Y,5267,0.04282079007487744
LP001161,Male,Yes,0,Graduate,No,1864,0,68.0,360.0,1.0,Semiurban,N,1864,0.027411361597623564
LP001162,Male,Yes,0,Graduate,No,3715,0,157.0,360.0,1.0,Semiurban,Y,3715,0.023662269667072185
LP001163,Male,No,0,Graduate,No,4315,0,60.0,360.0,1.0,Urban,Y,4315,0.07191546807553208
LP001164,Male,No,0,Graduate,No,21428,0,483.0,360.0,0.0,Rural,N,21428,0.044364297382407075
LP001165,Female,Yes,0,Graduate,No,2282,5788,210.0,360.0,1.0,Semiurban,Y,8070,0.03842838843624554
LP001166,Male,No,0,Graduate,No,10705,0,210.0,360.0,1.0,Urban,Y,10705,0.05097594773358222
LP001167,Male,Yes,2,Graduate,No,8087,2368,235.0,480.0,1.0,Urban,Y,10455,0.044489172386500485
LP001168,Male,Yes,0,Graduate,No,5262,0,111.0,360.0,1.0,Urban,N,5262,0.047404978333528525
LP001169,Male,Yes,0,Graduate,No,12774,0,281.0,360.0,1.0,Rural,Y,12774,0.04545891295760513
LP001170,Male,Yes,1,Not Graduate,Yes,5559,0,176.0,360.0,1.0,Semiurban,Y,5559,0.03158504781222834
LP001171,Male,No,1,Graduate,No,5616,0,150.0,360.0,0.0,Urban,N,5616,0.03743975040166399
LP001172,Male,Yes,0,Graduate,No,4307,0,121.0,360.0,0.0,Urban,N,4307,0.035594747150849995
LP001173,Male,Yes,0,Graduate,No,9266,0,192.0,360.0,1.0,Semiurban,Y,9266,0.048260165311639
LP001174,Male,Yes,0,Graduate,No,8585,994,167.0,360.0,0.0,Semiurban,N,9579,0.05735893797043132
LP001175,Male,No,1,Not Graduate,No,3055,0,74.0,360.0,1.0,Semiurban,Y,3055,0.04128322590235267
LP001176,Male,Yes,1,Graduate,Yes,2015,0,96.0,360.0,1.0,Semiurban,Y,2015,0.02098936469411777
LP001177,Male,Yes,0,Graduate,No,3937,0,52.0,360.0,1.0,Urban,Y,3937,0.07571008249841349
LP001178,Female,Yes,2,Not Graduate,No,2751,1600,75.0,360.0,1.0,Semiurban,Y,4351,0.058012559832535567
LP001179,Male,Yes,2,Graduate,No,4280,3726,183.0,360.0,1.0,Rural,N,8006,0.043748394817514656
LP001180,Male,Yes,1,Not Graduate,No,9343,625,189.0,360.0,1.0,Urban,Y,9968,0.052740461690678885
LP001181,Male,No,0,Graduate,No,3379,0,63.0,360.0,1.0,Semiurban,Y,3379,0.053634069300487294
LP001182,Female,No,0,Graduate,No,4334,0,93.0,360.0,0.0,Semiurban,Y,4334,0.04660164944462963
LP001183,Female,Yes,0,Graduate,No,4604,2602,123.0,84.0,1.0,Semiurban,Y,7206,0.05858488955374347
LP001184,Male,No,0,Graduate,No,7398,0,138.0,360.0,1.0,Urban,Y,7398,0.05360830718617981
LP001185,Male,No,0,Not Graduate,Yes,1500,0,71.0,360.0,1.0,Rural,Y,1500,0.021126463007563274
LP001186,Female,No,0,Graduate,No,3090,0,42.0,360.0,1.0,Semiurban,Y,3090,0.07356967691245446
LP001187,Male,Yes,3+,Graduate,No,5048,0,73.0,360.0,1.0,Semiurban,Y,5048,0.06914973767482638
LP001188,Male,Yes,0,Graduate,No,9136,0,183.0,360.0,1.0,Urban,Y,9136,0.0499232244632543
LP001189,Male,Yes,0,Graduate,No,3310,4530,198.0,360.0,1.0,Urban,Y,7840,0.03959575961737567
LP001190,Male,Yes,0,Graduate,No,1500,0,44.0,360.0,1.0,Urban,Y,1500,0.0340901343151292
LP001191,Female,No,3+,Not Graduate,No,6449,5571,246.0,360.0,1.0,Rural,Y,12020,0.04886158999353661
LP001192,Female,No,0,Graduate,No,3037,0,82.0,360.0,1.0,Urban,N,3037,0.037036133705686515
LP001193,Male,No,0,Graduate,No,2178,0,11.0,240.0,1.0,Semiurban,Y,2178,0.19798200163621488
LP001194,Male,Yes,0,Graduate,No,3057,743,110.0,360.0,1.0,Semiurban,Y,3800,0.03454514049872274
LP001195,Male,Yes,0,Graduate,No,3980,0,111.0,360.0,1.0,Semiurban,Y,3980,0.03585553283303754
LP001196,Male,No,3+,Graduate,No,3093,578,81.0,360.0,1.0,Semiurban,Y,3671,0.04532042814286243
LP001197,Female,No,3+,Graduate,Yes,1500,2455,129.0,360.0,1.0,Semiurban,N,3955,0.03065867706451888
LP001198,Female,Yes,0,Not Graduate,No,7617,0,138.0,360.0,1.0,Urban,N,7617,0.05519525220831733
LP001199,Male,No,3+,Graduate,No,9556,2335,291.0,360.0,1.0,Urban,Y,11891,0.040862402534699194
LP001200,Male,No,1,Graduate,No,6574,0,130.0,360.0,1.0,Semiurban,Y,6574,0.05056884177814017
LP001201,Male,Yes,2,Graduate,No,2247,607,66.0,360.0,1.0,Semiurban,Y,2854,0.04324176906410509
LP001202,Male,Yes,0,Not Graduate,No,3940,0,98.0,240.0,1.0,Urban,Y,3940,0.04020367139110825
LP001203,Female,Yes,0,Graduate,No,4429,3639,178.0,360.0,0.0,Semiurban,Y,8068,0.04532558805849406
LP001204,Male,Yes,0,Graduate,No,6369,0,183.0,360.0,0.0,Urban,N,6369,0.034803088507713076
LP001205,Male,Yes,1,Graduate,No,6640,1298,146.0,240.0,1.0,Urban,Y,7938,0.05436949061992726
LP001206,Male,No,0,Graduate,No,2862,958,73.0,360.0,1.0,Urban,N,3820,0.052328050300680815
LP001207,Male,Yes,0,Graduate,No,4671,264,149.0,360.0,1.0,Rural,Y,4935,0.033120583083335015
LP001208,Male,Yes,0,Graduate,No,5851,568,130.0,360.0,1.0,Urban,Y,6419,0.04937654325735956
LP001209,Male,Yes,1,Graduate,No,10651,6180,383.0,360.0,0.0,Urban,Y,16831,0.0439450549737468
LP001210,Male,Yes,0,Graduate,Yes,6786,480,216.0,360.0,1.0,Urban,N,7266,0.033638733154013174
LP001211,Male,No,1,Not Graduate,No,7139,0,150.0,360.0,1.0,Urban,Y,7139,0.04759301604655969
LP001212,Male,Yes,3+,Not Graduate,No,4676,0,130.0,360.0,1.0,Semiurban,Y,4676,0.03596895408496858
LP001213,Male,Yes,0,Graduate,No,10365,0,192.0,360.0,1.0,Urban,Y,10365,0.053984093832844623
LP001214,Male,No,1,Graduate,No,5686,0,156.0,360.0,1.0,Urban,Y,5686,0.03644848430458779
LP001215,Male,Yes,0,Graduate,No,2652,0,79.0,360.0,1.0,Semiurban,Y,2652,0.03356919532664143
LP001216,Male,Yes,0,Graduate,No,10321,1352,267.0,360.0,0.0,Semiurban,N,11673,0.043718937382256996
LP001217,Male,Yes,0,Graduate,No,6759,0,135.0,360.0,1.0,Semiurban,Y,6759,0.05006629580521626
LP001218,Male,Yes,1,Graduate,No,3408,352,45.0,360.0,1.0,Semiurban,Y,3760,0.08355369880669318
LP001219,Female,Yes,2,Graduate,No,3335,0,101.0,360.0,0.0,Urban,N,3335,0.03301947505470243
LP001220,Male,Yes,3+,Not Graduate,No,5313,0,64.0,360.0,0.0,Semiurban,N,5313,0.08301432790112655
LP001221,Male,Yes,1,Graduate,Yes,5871,2483,177.0,360.0,1.0,Urban,Y,8354,0.047197473460601914
LP001222,Male,No,0,Graduate,Yes,5005,1906,186.0,360.0,1.0,Semiurban,N,6911,0.03715571421659023
LP001223,Male,Yes,0,Not Graduate,No,5360,745,147.0,360.0,1.0,Semiurban,Y,6105,0.04153032972564812
LP001224,Male,Yes,2,Graduate,No,12332,1608,357.0,360.0,1.0,Urban,Y,13940,0.03904750967084126
LP001225,Male,Yes,1,Graduate,No,8458,0,219.0,360.0,0.0,Semiurban,N,8458,0.03862082821539628
LP001226,Female,Yes,0,Graduate,Yes,4985,2170,143.0,360.0,0.0,Rural,N,7155,0.05003461514255145
LP001227,Male,No,3+,Graduate,No,7822,0,177.0,480.0,1.0,Rural,Y,7822,0.04419184072406371
LP001228,Female,Yes,1,Graduate,No,2393,0,66.0,360.0,1.0,Semiurban,Y,2393,0.03625702640869078
LP001229,Male,No,1,Graduate,Yes,5646,0,85.0,360.0,1.0,Semiurban,Y,5646,0.06642274796767098
LP001230,Male,Yes,0,Graduate,Yes,13168,0,255.0,360.0,1.0,Urban,N,13168,0.05163901318034047
LP001231,Male,Yes,1,Not Graduate,No,3901,0,81.0,180.0,1.0,Urban,Y,3901,0.04815989926050296
LP001232,Male,Yes,0,Not Graduate,No,2674,661,130.0,360.0,1.0,Semiurban,Y,3335,0.025653648818086013
LP001233,Male,No,1,Not Graduate,No,3007,757,96.0,360.0,1.0,Semiurban,Y,3764,0.039207924917448775
LP001234,Male,Yes,0,Graduate,No,2312,0,58.0,360.0,1.0,Rural,Y,2312,0.039861381700315515
LP001235,Male,Yes,1,Graduate,No,2777,0,25.0,360.0,1.0,Semiurban,Y,2777,0.1110755569777209
LP001236,Male,Yes,3+,Not Graduate,Yes,3560,0,103.0,360.0,1.0,Semiurban,Y,3560,0.03456277123523072
LP001237,Male,No,0,Graduate,No,1913,0,79.0,360.0,0.0,Semiurban,N,1913,0.024214883355906887
LP001238,Male,Yes,3+,Graduate,No,4488,649,130.0,180.0,0.0,Rural,N,5137,0.039515080653225745
LP001239,Male,No,0,Graduate,No,7641,0,163.0,180.0,1.0,Semiurban,Y,7641,0.04687701302445997
LP001240,Female,Yes,2,Graduate,No,2579,2280,134.0,180.0,1.0,Semiurban,Y,4859,0.036260923425944586
LP001241,Female,Yes,2,Not Graduate,No,11065,0,261.0,360.0,1.0,Semiurban,Y,11065,0.0423944735843924
LP001242,Female,Yes,0,Graduate,No,6041,663,163.0,360.0,1.0,Rural,Y,6704,0.04112858203323906
LP001243,Male,Yes,1,Graduate,No,8253,0,160.0,360.0,1.0,Urban,Y,8253,0.05158092761920238
LP001244,Male,Yes,2,Graduate,No,2996,1611,120.0,360.0,0.0,Rural,N,4607,0.03839134673877718
LP001245,Female,Yes,0,Graduate,No,7425,0,204.0,360.0,1.0,Semiurban,Y,7425,0.036396880407448984
LP001246,Male,No,0,Not Graduate,Yes,2309,1127,70.0,360.0,1.0,Semiurban,Y,3436,0.04908501307124184
LP001247,Female,Yes,1,Graduate,Yes,7586,0,234.0,360.0,0.0,Semiurban,N,7586,0.03241866487750052
LP001248,Female,Yes,2,Graduate,No,4930,0,102.0,360.0,0.0,Semiurban,N,4930,0.04833285948176979
LP001249,Female,Yes,0,Not Graduate,No,6197,2384,192.0,360.0,1.0,Urban,Y,8581,0.04469247556002313
LP001250,Male,Yes,2,Graduate,Yes,2196,643,56.0,360.0,1.0,Rural,Y,2839,0.05069552329422689
LP001251,Male,Yes,0,Graduate,No,2599,3961,157.0,360.0,1.0,Semiurban,N,6560,0.04178317335558372
LP001252,Female,Yes,2,Graduate,Yes,6363,3415,163.0,360.0,1.0,Semiurban,Y,9778,0.05998736204072368
LP001253,Male,Yes,0,Not Graduate,No,2517,1491,83.0,360.0,1.0,Urban,N,4008,0.04828857483644775
LP001254,Male,No,0,Graduate,No,5871,0,104.0,360.0,1.0,Semiurban,Y,5871,0.05645138027518966
LP001255,Male,No,0,Graduate,No,1958,0,63.0,360.0,0.0,Semiurban,Y,1958,0.031078871763940256
LP001256,Female,Yes,0,Not Graduate,No,7397,0,197.0,360.0,1.0,Semiurban,Y,7397,0.037548032751102786
LP001257,Male,Yes,0,Graduate,No,2122,1372,109.0,360.0,1.0,Semiurban,Y,3494,0.03205475179126797
LP001258,Male,Yes,0,Not Graduate,Yes,6194,0,72.0,360.0,1.0,Semiurban,Y,6194,0.08602658296412549
LP001259,Male,Yes,1,Graduate,No,6472,0,210.0,360.0,1.0,Rural,N,6472,0.030818900862376847
LP001260,Male,Yes,0,Graduate,No,2927,384,95.0,360.0,0.0,Semiurban,N,3311,0.03485226471300302
LP001261,Female,Yes,0,Graduate,No,6305,4459,211.0,180.0,1.0,Rural,Y,10764,0.05101397623707944
LP001262,Male,No,0,Not Graduate,No,5199,0,128.0,360.0,1.0,Urban,N,5199,0.04061687018070171
LP001263,Male,No,0,Graduate,Yes,3218,0,89.0,84.0,1.0,Semiurban,Y,3218,0.03615689711351558
LP001264,Female,Yes,0,Not Graduate,No,2428,0,48.0,360.0,1.0,Semiurban,Y,2428,0.050582279535843
LP001265,Male,Yes,0,Not Graduate,No,1500,0,55.0,360.0,1.0,Semiurban,Y,1500,0.02727223141397429
LP001266,Male,Yes,1,Graduate,No,5485,0,111.0,480.0,1.0,Rural,Y,5485,0.04941396924352033
LP001267,Male,No,1,Not Graduate,No,1739,183,130.0,360.0,1.0,Urban,N,1922,0.014784501657679557
LP001268,Male,Yes,1,Graduate,No,4708,3720,167.0,360.0,1.0,Urban,Y,8428,0.05046676367207382
LP001269,Male,Yes,0,Graduate,No,3796,1755,88.0,360.0,1.0,Rural,Y,5551,0.06307882864967443
LP001270,Female,No,0,Graduate,Yes,6684,0,158.0,360.0,0.0,Urban,N,6684,0.042303529724495414
LP001271,Female,Yes,2,Not Graduate,No,3709,566,123.0,240.0,0.0,Semiurban,N,4275,0.03475581499337404
LP001272,Female,No,0,Graduate,No,3649,0,108.0,360.0,1.0,Semiurban,Y,3649,0.03378672419699818
LP001273,Female,Yes,0,Graduate,No,6898,628,195.0,360.0,1.0,Rural,Y,7526,0.038594673873467315
LP001274,Male,Yes,0,Graduate,No,5437,532,149.0,360.0,1.0,Urban,Y,5969,0.0400601338246052
LP001275,Male,Yes,0,Graduate,No,5375,0,111.0,360.0,1.0,Urban,Y,5375,0.048422987180295675
LP001276,Male,No,0,Graduate,Yes,5893,0,163.0,360.0,1.0,Semiurban,Y,5893,0.03615315243464764
LP001277,Male,No,0,Not Graduate,No,1769,632,27.0,360.0,0.0,Rural,N,2401,0.08892263249509277
LP001278,Male,No,1,Not Graduate,No,7002,0,133.0,360.0,0.0,Semiurban,Y,7002,0.05264622070510748
LP001279,Male,Yes,0,Graduate,No,6421,589,131.0,360.0,1.0,Urban,Y,7010,0.05351104190044351
LP001280,Female,No,1,Not Graduate,No,2416,0,100.0,360.0,1.0,Semiurban,Y,2416,0.024159758402415975
LP001281,Male,Yes,2,Graduate,No,3841,3130,187.0,360.0,0.0,Rural,N,6971,0.03727787551938225
LP001282,Male,Yes,2,Not Graduate,No,4343,0,121.0,360.0,1.0,Rural,Y,4343,0.0358922653531789
LP001283,Male,No,1,Graduate,Yes,4102,0,134.0,360.0,1.0,Rural,Y,4102,0.03061171185289662
LP001284,Male,Yes,3+,Graduate,No,5433,5480,211.0,360.0,1.0,Urban,Y,10913,0.05172013402780082
LP001285,Male,Yes,0,Graduate,No,10496,0,240.0,360.0,1.0,Urban,N,10496,0.043733151111870365
LP001286,Male,Yes,0,Not Graduate,No,8510,0,186.0,180.0,1.0,Semiurban,N,8510,0.045752442191171014
LP001287,Male,Yes,0,Graduate,No,2023,0,85.0,360.0,1.0,Rural,Y,2023,0.02379972000329408
LP001288,Male,Yes,1,Graduate,No,6459,0,145.0,120.0,1.0,Urban,Y,6459,0.04454452038261805
LP001289,Male,Yes,2,Graduate,No,9871,0,205.0,360.0,1.0,Urban,Y,9871,0.04815098462934327
LP001290,Male,Yes,0,Graduate,No,5608,0,148.0,360.0,1.0,Rural,N,5608,0.03789163586732522
LP001291,Male,No,3+,Graduate,No,8557,1868,254.0,360.0,1.0,Urban,Y,10425,0.04104314549942717
LP001292,Female,No,0,Graduate,No,14873,0,297.0,120.0,1.0,Semiurban,Y,14873,0.05007727246709607
LP001293,Male,Yes,3+,Not Graduate,No,8219,610,194.0,360.0,1.0,Semiurban,Y,8829,0.04551007469033665
LP001294,Male,Yes,0,Graduate,No,5164,0,91.0,180.0,0.0,Semiurban,Y,5164,0.05674662915792134
LP001295,Male,Yes,0,Graduate,No,8325,0,111.0,180.0,1.0,Rural,N,8325,0.07499932433041144
LP001296,Male,Yes,0,Graduate,No,4850,1566,130.0,360.0,1.0,Semiurban,Y,6416,0.04935346651179606
LP001297,Male,Yes,0,Not Graduate,No,4511,0,128.0,360.0,0.0,Semiurban,N,4511,0.03524191217256115
LP001298,Male,Yes,0,Not Graduate,No,3601,387,107.0,360.0,1.0,Semiurban,Y,3988,0.037270679713273705
LP001299,Male,Yes,0,Graduate,No,11362,0,188.0,360.0,1.0,Semiurban,Y,11362,0.060435848745485396
LP001300,Male,Yes,2,Graduate,No,2721,3239,128.0,360.0,1.0,Semiurban,Y,5960,0.04656213623331068
LP001301,Male,Yes,0,Graduate,No,11152,1958,215.0,360.0,1.0,Urban,Y,13110,0.06097646057460198
LP001302,Male,Yes,0,Graduate,No,6002,1336,207.0,360.0,1.0,Urban,N,7338,0.035449104110608164
LP001303,Male,No,1,Not Graduate,Yes,1920,835,42.0,360.0,0.0,Urban,Y,2755,0.0655936763410395
LP001304,Male,No,1,Graduate,No,5544,559,179.0,360.0,1.0,Urban,Y,6103,0.03409478159339892
LP001305,Female,Yes,0,Graduate,Yes,1500,0,78.0,360.0,1.0,Semiurban,N,1500,0.019230522685606596
LP001306,Male,No,0,Graduate,No,6472,0,122.0,360.0,0.0,Rural,N,6472,0.05304874550208605
LP001307,Male,Yes,0,Not Graduate,No,7563,388,145.0,360.0,1.0,Semiurban,Y,7951,0.054834104592382124
LP001308,Male,No,0,Graduate,Yes,3116,0,92.0,360.0,1.0,Rural,Y,3116,0.03386919707394485
LP001309,Male,No,1,Graduate,No,4789,0,90.0,360.0,1.0,Semiurban,Y,4789,0.05321051988311241
LP001310,Male,Yes,0,Graduate,No,14364,4103,392.0,360.0,1.0,Semiurban,Y,18467,0.04710957370006709
LP001311,Male,Yes,0,Not Graduate,No,3283,0,71.0,360.0,1.0,Semiurban,N,3283,0.04623878536922015
LP001312,Male,Yes,1,Graduate,No,2355,449,22.0,360.0,1.0,Urban,Y,2804,0.12744875232943956
LP001313,Female,Yes,0,Graduate,No,10818,1188,193.0,360.0,1.0,Urban,Y,12006,0.06220693157030274
LP001314,Female,Yes,0,Graduate,Yes,14437,2002,355.0,360.0,1.0,Semiurban,Y,16439,0.04630691181151603
LP001315,Male,Yes,0,Graduate,No,4456,5636,204.0,240.0,1.0,Rural,Y,10092,0.04947034573359935
LP001316,Male,Yes,3+,Graduate,No,8159,0,166.0,360.0,1.0,Urban,Y,8159,0.049150306323455885
LP001317,Male,No,0,Graduate,No,9945,0,239.0,360.0,1.0,Urban,N,9945,0.04161070455772151
LP001318,Male,No,2,Graduate,No,2848,589,123.0,360.0,1.0,Rural,N,3437,0.027942862253152415
LP001319,Male,Yes,0,Graduate,No,3323,0,78.0,360.0,1.0,Urban,Y,3323,0.042602017922847145
LP001320,Male,Yes,0,Graduate,Yes,9307,619,208.0,360.0,0.0,Rural,N,9926,0.047720924418632606
LP001321,Male,Yes,1,Not Graduate,No,12222,4928,378.0,360.0,1.0,Semiurban,Y,17150,0.04537025034325306
LP001322,Male,Yes,3+,Graduate,No,6233,0,103.0,360.0,1.0,Rural,Y,6233,0.060513975592469973
LP001323,Male,No,1,Not Graduate,No,2623,0,79.0,360.0,1.0,Semiurban,Y,2623,0.03320211136567892
LP001324,Female,Yes,2,Graduate,Yes,14650,2305,375.0,360.0,1.0,Semiurban,Y,16955,0.04521321276476596
LP001325,Male,Yes,2,Graduate,No,3233,0,105.0,360.0,1.0,Semiurban,Y,3233,0.030790182950638564
LP001326,Male,Yes,0,Graduate,No,3637,884,52.0,120.0,1.0,Semiurban,Y,4521,0.08694063575700467
LP001327,Male,Yes,0,Graduate,No,5461,0,106.0,360.0,0.0,Semiurban,Y,5461,0.05151838190205753
LP001328,Male,No,1,Graduate,No,11299,1886,257.0,360.0,1.0,Urban,Y,13185,0.05130330232178085
LP001329,Male,No,0,Graduate,No,7423,1424,199.0,360.0,1.0,Semiurban,Y,8847,0.04445706302983402
LP001330,Male,Yes,2,Graduate,No,5703,832,165.0,360.0,1.0,Semiurban,Y,6535,0.03960582057078442
LP001331,Male,Yes,0,Not Graduate,No,5872,1173,205.0,360.0,1.0,Rural,Y,7045,0.0343656860210438
LP001332,Male,Yes,0,Graduate,No,4564,0,96.0,360.0,1.0,Rural,Y,4564,0.04754117144613077
LP001333,Male,No,0,Not Graduate,No,6216,0,129.0,360.0,1.0,Semiurban,Y,6216,0.04818567297927923
LP001334,Male,No,2,Graduate,No,1500,1932,123.0,360.0,0.0,Urban,N,3432,0.02790221217713677
LP001335,Male,Yes,0,Graduate,No,3722,0,103.0,360.0,1.0,Rural,Y,3722,0.03613557149930583
LP001336,Female,Yes,2,Graduate,No,5139,532,171.0,360.0,1.0,Semiurban,Y,5671,0.03316354875117689
LP001337,Male,No,0,Graduate,No,2229,347,80.0,360.0,1.0,Rural,Y,2576,0.03219959750503119
LP001338,Male,Yes,1,Graduate,No,5607,318,103.0,360.0,1.0,Rural,Y,5925,0.05752371336200619
LP001339,Male,No,0,Graduate,No,3933,452,67.0,360.0,1.0,Urban,Y,4385,0.0654467843763526
LP001340,Male,Yes,1,Graduate,Yes,12749,759,243.0,360.0,1.0,Rural,Y,13508,0.05558824860803042
LP001341,Male,Yes,0,Graduate,No,11427,6390,396.0,360.0,1.0,Urban,N,17817,0.04499231062547822
LP001342,Male,Yes,1,Graduate,No,3362,0,122.0,360.0,1.0,Semiurban,Y,3362,0.027557151170892042
LP001343,Male,Yes,0,Not Graduate,No,4062,0,156.0,360.0,1.0,Semiurban,Y,4062,0.0260382946263165
LP001344,Male,Yes,1,Not Graduate,No,4254,0,130.0,360.0,1.0,Urban,Y,4254,0.032722825209036854
LP001345,Male,No,2,Graduate,No,3391,1487,152.0,360.0,0.0,Rural,N,4878,0.03209189413227544
LP001346,Male,Yes,0,Not Graduate,No,4999,1258,127.0,360.0,1.0,Urban,Y,6257,0.04926732860371178
LP001347,Male,Yes,0,Graduate,No,2821,514,52.0,480.0,1.0,Urban,Y,3335,0.06413338205034519
LP001348,Male,Yes,0,Graduate,No,2256,0,90.0,360.0,0.0,Semiurban,N,2256,0.025066388151242763
LP001349,Male,Yes,1,Not Graduate,No,6461,5685,275.0,360.0,1.0,Rural,Y,12146,0.044167112119592296
LP001350,Male,Yes,1,Graduate,No,6488,0,152.0,360.0,1.0,Rural,Y,6488,0.04268392971098874
LP001351,Female,Yes,0,Graduate,No,2744,590,98.0,360.0,1.0,Semiurban,Y,3334,0.03402006101978551
LP001352,Male,No,0,Graduate,No,7609,1070,203.0,360.0,0.0,Semiurban,N,8679,0.042753483972985354
LP001353,Male,Yes,0,Graduate,No,3044,0,119.0,360.0,1.0,Semiurban,Y,3044,0.025579616978008587
LP001354,Male,Yes,1,Graduate,No,5176,0,162.0,240.0,1.0,Urban,Y,5176,0.03195042005913544
LP001355,Male,Yes,0,Not Graduate,No,7275,747,196.0,120.0,1.0,Urban,Y,8022,0.04092836261039484
LP001356,Male,No,3+,Graduate,No,4358,7570,283.0,360.0,1.0,Semiurban,Y,11928,0.04214826096020862
LP001357,Male,No,0,Graduate,No,5842,0,152.0,360.0,1.0,Semiurban,Y,5842,0.038433957671331107
LP001358,Female,No,1,Not Graduate,No,3262,1587,103.0,240.0,1.0,Semiurban,Y,4849,0.04707721284259376
LP001359,Male,Yes,0,Graduate,No,3952,3046,182.0,360.0,1.0,Rural,Y,6998,0.03845033818495503
LP001360,Male,Yes,0,Graduate,No,3930,3244,121.0,360.0,1.0,Semiurban,Y,7174,0.05928876620854373
LP001361,Male,Yes,1,Graduate,Yes,2841,0,108.0,360.0,1.0,Urban,Y,2841,0.026305311987851965
LP001362,Male,Yes,1,Graduate,Yes,3999,697,78.0,360.0,1.0,Urban,Y,4696,0.060204356354405714
LP001363,Male,Yes,0,Not Graduate,No,1756,1425,92.0,360.0,1.0,Rural,Y,3181,0.03457571113357463
LP001364,Female,Yes,0,Graduate,No,3312,2668,114.0,360.0,1.0,Rural,Y,5980,0.05245568021333146
LP001365,Male,Yes,0,Not Graduate,No,3748,1497,141.0,360.0,1.0,Rural,Y,5245,0.03719831774242736
LP001366,Female,Yes,1,Graduate,No,3813,0,95.0,360.0,1.0,Urban,Y,3813,0.04013641961663562
LP001367,Female,No,1,Not Graduate,No,3847,0,49.0,360.0,1.0,Rural,Y,3847,0.07850860186526805
LP001368,Male,Yes,0,Graduate,No,4285,0,118.0,360.0,0.0,Urban,Y,4285,0.036313251582613705
LP001369,Male,Yes,0,Not Graduate,No,5929,0,121.0,360.0,1.0,Urban,N,5929,0.04899959504466905
LP001370,Male,No,0,Graduate,No,7515,0,196.0,360.0,0.0,Rural,Y,7515,0.038341641114075946
LP001371,Male,Yes,2,Not Graduate,Yes,3011,0,130.0,360.0,1.0,Urban,Y,3011,0.023161360297228484
LP001372,Male,No,0,Graduate,No,2160,2007,115.0,240.0,1.0,Semiurban,Y,4167,0.036234467526369336
LP001373,Male,Yes,0,Graduate,Yes,2379,0,38.0,180.0,1.0,Urban,Y,2379,0.06260361569432384
LP001374,Male,Yes,0,Not Graduate,No,3319,8243,233.0,360.0,1.0,Semiurban,Y,11562,0.0496221046261604
LP001375,Male,No,0,Graduate,No,3600,969,97.0,360.0,1.0,Rural,Y,4569,0.047102607189616605
LP001376,Female,No,0,Not Graduate,No,2801,1984,141.0,360.0,0.0,Urban,N,4785,0.033935929532414665
LP001377,Male,No,0,Graduate,No,2043,0,111.0,360.0,1.0,Semiurban,Y,2043,0.018405239592436104
LP001378,Female,Yes,0,Graduate,No,3382,1566,94.0,120.0,1.0,Urban,Y,4948,0.05263773789640536
LP001379,Male,Yes,2,Graduate,No,4958,1237,176.0,180.0,1.0,Semiurban,Y,6195,0.03519866364395657
LP001380,Male,Yes,0,Graduate,No,6355,1898,119.0,360.0,1.0,Semiurban,Y,8253,0.06935235838354299
LP001381,Male,Yes,0,Graduate,Yes,3182,176,51.0,360.0,1.0,Urban,Y,3358,0.06584184623830905
LP001382,Male,No,2,Graduate,No,3471,2311,106.0,360.0,1.0,Urban,Y,5782,0.05454665522023377
LP001383,Female,Yes,1,Graduate,No,2550,1481,130.0,360.0,0.0,Urban,N,4031,0.03100745378881701
LP001384,Male,No,0,Graduate,No,4363,0,59.0,360.0,1.0,Rural,Y,4363,0.07394789918814935
LP001385,Female,Yes,0,Graduate,No,2672,6887,223.0,360.0,1.0,Semiurban,Y,9559,0.04286527863103753
LP001386,Male,Yes,0,Graduate,No,6272,0,139.0,360.0,1.0,Urban,Y,6272,0.04512197753972993
LP001387,Male,Yes,1,Graduate,No,1523,970,81.0,360.0,1.0,Semiurban,Y,2493,0.03077739780990358
LP001388,Male,No,3+,Graduate,No,3583,0,112.0,360.0,1.0,Urban,Y,3583,0.031990785796555385
LP001389,Female,No,1,Graduate,No,5327,0,134.0,360.0,1.0,Rural,Y,5327,0.03975343467586063
LP001390,Female,No,0,Not Graduate,No,4965,862,156.0,360.0,1.0,Rural,N,5827,0.03735232466458548
LP001391,Male,No,1,Not Graduate,No,22377,1190,489.0,360.0,1.0,Semiurban,Y,23567,0.0481941754720338
LP001392,Male,No,0,Graduate,No,5485,0,130.0,360.0,1.0,Rural,Y,5485,0.042191983138591245
LP001393,Male,No,0,Graduate,No,2434,1581,132.0,360.0,1.0,Semiurban,Y,4015,0.0304164362391194
LP001394,Male,Yes,0,Not Graduate,No,4199,476,95.0,480.0,1.0,Urban,Y,4675,0.04921000831570194
LP001395,Female,Yes,3+,Graduate,No,1531,0,22.0,360.0,1.0,Semiurban,Y,1531,0.06958774601154492
LP001396,Female,Yes,0,Graduate,No,4237,823,115.0,360.0,1.0,Semiurban,Y,5060,0.04399961739463135
LP001397,Male,No,1,Graduate,No,2697,0,46.0,360.0,1.0,Semiurban,Y,2697,0.05862916023564705
LP001398,Male,No,0,Not Graduate,Yes,7701,1883,199.0,360.0,1.0,Rural,N,9584,0.04816056200722609
LP001399,Male,Yes,0,Graduate,No,3197,1871,131.0,180.0,1.0,Semiurban,Y,5068,0.0386867275822322
LP001400,Male,No,0,Graduate,No,4146,0,113.0,360.0,1.0,Rural,Y,4146,0.036689940796984094
LP001401,Female,No,0,Not Graduate,Yes,3037,0,53.0,180.0,0.0,Rural,N,3037,0.057300805645176506
LP001402,Male,Yes,2,Not Graduate,Yes,12623,0,257.0,360.0,1.0,Semiurban,Y,12623,0.04911654040256653
LP001403,Female,Yes,0,Graduate,No,3667,4054,206.0,180.0,1.0,Semiurban,Y,7721,0.037480400580579706
LP001404,Male,No,1,Graduate,No,13353,1910,340.0,360.0,1.0,Urban,Y,15263,0.04489104443810459
LP001405,Female,Yes,2,Not Graduate,No,7248,3232,291.0,180.0,1.0,Rural,Y,10480,0.03601362194631633
LP001406,Male,No,3+,Graduate,No,5938,0,174.0,360.0,1.0,Semiurban,N,5938,0.034126240653789344
LP001407,Male,Yes,0,Graduate,No,5548,0,165.0,360.0,1.0,Urban,Y,5548,0.033624038642190046
LP001408,Male,No,0,Graduate,No,5632,0,91.0,360.0,0.0,Urban,N,5632,0.061889429786485865
LP001409,Male,No,0,Not Graduate,No,1500,0,72.0,240.0,1.0,Semiurban,N,1500,0.0208330439855002
LP001410,Male,No,3+,Graduate,No,3761,8249,258.0,360.0,1.0,Urban,Y,12010,0.04655020716973965
LP001411,Female,Yes,3+,Not Graduate,No,7384,2727,205.0,360.0,1.0,Urban,Y,10111,0.049321710625801825
LP001412,Female,No,0,Not Graduate,No,4318,2119,153.0,180.0,1.0,Semiurban,Y,6437,0.04207162044692518
LP001413,Male,No,2,Graduate,No,1913,0,86.0,360.0,0.0,Semiurban,N,1913,0.022243927396193068
LP001414,Male,Yes,0,Graduate,No,4309,477,130.0,360.0,1.0,Semiurban,Y,4786,0.03681510142229675
LP001415,Male,No,1,Graduate,No,12362,1692,274.0,360.0,1.0,Urban,N,14054,0.05129178360662917
LP001416,Male,Yes,0,Graduate,No,9396,1504,260.0,360.0,1.0,Urban,Y,10900,0.041922915681093534
LP001417,Male,Yes,2,Graduate,No,4284,819,130.0,180.0,1.0,Semiurban,Y,5103,0.03925354420350613
LP001418,Male,Yes,0,Graduate,No,7870,0,183.0,360.0,1.0,Semiurban,Y,7870,0.04300522947962033
LP001419,Male,Yes,2,Graduate,No,3569,0,82.0,360.0,1.0,Urban,Y,3569,0.043523859465128475
LP001420,Male,Yes,2,Not Graduate,No,1599,2336,92.0,480.0,1.0,Urban,N,3935,0.04277127422528016
LP001421,Male,No,1,Graduate,No,2553,0,94.0,360.0,1.0,Semiurban,Y,2553,0.027159285539515538
LP001422,Male,Yes,0,Graduate,No,11358,0,215.0,360.0,1.0,Urban,Y,11358,0.052827661266691785
LP001423,Male,No,0,Graduate,No,3772,703,167.0,360.0,1.0,Urban,Y,4475,0.0267962467290615
LP001424,Male,Yes,0,Graduate,No,3842,982,61.0,360.0,1.0,Urban,Y,4824,0.07908067080867527
LP001425,Male,Yes,0,Graduate,No,3714,962,95.0,360.0,1.0,Rural,Y,4676,0.04922053452068926
LP001426,Male,Yes,0,Graduate,No,13939,0,309.0,240.0,1.0,Rural,Y,13939,0.04510988637577225
LP001427,Female,No,3+,Graduate,Yes,11796,0,273.0,360.0,1.0,Rural,Y,11796,0.043208632935410496
LP001428,Male,Yes,0,Graduate,Yes,16835,1209,377.0,360.0,1.0,Rural,Y,18044,0.047861942010763894
LP001429,Male,Yes,0,Graduate,No,4042,855,116.0,360.0,1.0,Semiurban,Y,4897,0.04221515331764381
LP001430,Male,No,0,Graduate,No,5310,128,141.0,360.0,0.0,Semiurban,Y,5438,0.038567102360976165
LP001431,Male,Yes,0,Graduate,No,1790,6921,187.0,240.0,1.0,Semiurban,Y,8711,0.046582638595515535
LP001432,Male,Yes,1,Not Graduate,No,10787,3200,341.0,180.0,1.0,Urban,Y,13987,0.04101747502206739
LP001433,Male,Yes,0,Graduate,No,2206,991,109.0,360.0,1.0,Semiurban,Y,3197,0.0293300061467326
LP001434,Male,No,3+,Graduate,No,5064,0,147.0,360.0,1.0,Rural,Y,5064,0.034448745246630975
LP001435,Male,Yes,0,Graduate,No,2302,524,47.0,360.0,1.0,Semiurban,Y,2826,0.06012638028978107
LP001436,Male,No,0,Graduate,No,3123,5200,184.0,360.0,1.0,Semiurban,N,8323,0.04523344981820751
LP001437,Female,Yes,2,Graduate,No,2690,6110,186.0,360.0,1.0,Urban,Y,8800,0.047311573593690356
LP001438,Male,No,0,Graduate,No,3087,1518,81.0,360.0,0.0,Semiurban,Y,4605,0.056851149985802645
LP001439,Male,No,3+,Graduate,No,3218,3037,130.0,360.0,1.0,Semiurban,N,6255,0.04811501449988846
LP001440,Male,No,0,Graduate,No,3200,0,67.0,360.0,1.0,Rural,N,3200,0.047760481186847954
LP001441,Female,Yes,2,Graduate,No,7331,459,195.0,360.0,1.0,Semiurban,Y,7790,0.03994851308454828
LP001442,Male,No,0,Graduate,No,2291,0,33.0,360.0,1.0,Rural,Y,2291,0.069422138723069
LP001443,Male,Yes,2,Graduate,Yes,5076,1488,202.0,360.0,1.0,Semiurban,Y,6564,0.03249488863916515
LP001444,Female,Yes,2,Not Graduate,Yes,9235,0,177.0,360.0,0.0,Rural,N,9235,0.05217484646979396
LP001445,Female,Yes,2,Graduate,No,3268,0,91.0,360.0,0.0,Semiurban,Y,3268,0.035911693278095846
LP001446,Female,No,2,Graduate,Yes,2890,0,101.0,120.0,0.0,Semiurban,Y,2890,0.028613578083385313
LP001447,Male,No,0,Graduate,No,3872,1255,105.0,360.0,1.0,Semiurban,Y,5127,0.04882810639898667
LP001448,Male,No,0,Graduate,No,9025,0,226.0,360.0,1.0,Rural,N,9025,0.03993345162189548
LP001449,Male,Yes,0,Graduate,Yes,4996,0,83.0,360.0,1.0,Rural,Y,4996,0.06019204587896532
LP001450,Male,Yes,0,Graduate,No,3233,754,143.0,360.0,1.0,Urban,Y,3987,0.02788092390962301
LP001451,Male,No,0,Graduate,No,5945,0,139.0,480.0,1.0,Urban,Y,5945,0.042769476478586484
LP001452,Male,Yes,0,Graduate,No,2295,2928,106.0,360.0,1.0,Rural,Y,5223,0.04927312006490505
LP001453,Female,Yes,3+,Graduate,No,6692,248,149.0,360.0,1.0,Semiurban,Y,6940,0.046576868611620054
LP001454,Male,Yes,1,Graduate,No,5682,3370,225.0,180.0,1.0,Semiurban,Y,9052,0.040230932306967525
LP001455,Male,Yes,2,Graduate,Yes,3697,0,76.0,360.0,1.0,Semiurban,Y,3697,0.048644096788200156
LP001456,Male,Yes,0,Graduate,No,2688,1051,72.0,360.0,1.0,Urban,Y,3739,0.05192983430785684
LP001457,Male,Yes,2,Graduate,No,2612,0,65.0,360.0,1.0,Rural,N,2612,0.040183997169274316
LP001458,Male,Yes,3+,Not Graduate,No,6129,1003,127.0,360.0,1.0,Rural,Y,7132,0.056157038133558004
LP001459,Male,Yes,0,Graduate,No,9296,0,260.0,360.0,1.0,Urban,Y,9296,0.03575370863958215
LP001460,Male,No,1,Graduate,No,3033,596,75.0,360.0,1.0,Urban,Y,3629,0.04838602151971307
LP001461,Male,Yes,2,Graduate,No,5854,0,162.0,360.0,1.0,Rural,Y,5854,0.03613557941000364
LP001462,Male,Yes,0,Not Graduate,No,1500,4555,147.0,240.0,1.0,Urban,Y,6055,0.04119019598506132
LP001463,Male,No,0,Graduate,No,3131,2280,98.0,360.0,1.0,Rural,Y,5411,0.055213722308956034
LP001464,Female,Yes,0,Graduate,No,4364,639,119.0,360.0,1.0,Urban,Y,5003,0.04204166351543264
LP001465,Male,No,0,Graduate,No,2576,0,95.0,360.0,1.0,Semiurban,Y,2576,0.02711550404732582
LP001466,Male,No,0,Graduate,No,2535,1031,85.0,360.0,1.0,Rural,Y,3566,0.04195244761826331
LP001467,Female,Yes,0,Graduate,No,2978,1129,137.0,360.0,1.0,Semiurban,Y,4107,0.029977883373114064
LP001468,Male,Yes,0,Graduate,No,5299,1992,196.0,240.0,1.0,Semiurban,Y,7291,0.037198789802092846
LP001469,Female,No,0,Not Graduate,No,3974,0,127.0,360.0,1.0,Semiurban,Y,3974,0.03129109219612444
LP001470,Male,No,3+,Graduate,No,1500,2016,76.0,360.0,1.0,Semiurban,Y,3516,0.04626254917698451
LP001471,Female,Yes,0,Graduate,No,1500,0,17.0,360.0,1.0,Urban,Y,1500,0.08823010411152285
LP001472,Male,Yes,3+,Not Graduate,No,3089,0,63.0,360.0,1.0,Rural,Y,3089,0.04903096776241647
LP001473,Female,Yes,0,Graduate,No,5852,0,142.0,120.0,1.0,Rural,Y,5852,0.04121097738748319
LP001474,Male,No,0,Graduate,No,1500,1156,89.0,360.0,1.0,Semiurban,N,2656,0.0298423613217829
LP001475,Female,Yes,0,Graduate,No,3295,0,20.0,240.0,1.0,Semiurban,Y,3295,0.1647417629118544
LP001476,Male,No,0,Graduate,Yes,3242,0,84.0,360.0,1.0,Urban,N,3242,0.03859477863358769
LP001477,Male,Yes,0,Graduate,No,10229,810,245.0,360.0,0.0,Urban,N,11039,0.045056958951187956
LP001478,Female,Yes,1,Not Graduate,No,3529,1388,130.0,360.0,1.0,Semiurban,Y,4917,0.0378227859785694
LP001479,Male,Yes,0,Graduate,No,5595,0,170.0,360.0,1.0,Rural,Y,5595,0.032911571108405244
LP001480,Male,Yes,1,Graduate,No,4840,896,147.0,360.0,1.0,Semiurban,Y,5736,0.03902014272011755
LP001481,Male,Yes,1,Graduate,No,1500,0,89.0,360.0,1.0,Rural,Y,1500,0.016853743216368355
LP001482,Male,Yes,0,Not Graduate,No,7050,0,154.0,360.0,1.0,Urban,Y,7050,0.04577892351348368
LP001483,Male,Yes,0,Not Graduate,Yes,5060,0,149.0,360.0,1.0,Semiurban,Y,5060,0.033959503627492435
LP001484,Male,No,2,Not Graduate,No,6032,1998,229.0,360.0,1.0,Urban,Y,8030,0.035065349059611096
LP001485,Female,Yes,0,Graduate,No,46898,0,700.0,360.0,0.0,Semiurban,N,46898,0.06699704714707551
LP001486,Male,Yes,0,Graduate,No,1500,0,17.0,120.0,1.0,Urban,Y,1500,0.08823010411152285
LP001487,Male,No,3+,Graduate,No,12516,0,262.0,360.0,1.0,Rural,Y,12516,0.0477708100350762
LP001488,Female,No,0,Graduate,No,3742,5269,189.0,360.0,0.0,Urban,N,9011,0.04767699641800837
LP001489,Female,No,1,Graduate,No,5283,0,140.0,360.0,1.0,Rural,Y,5283,0.037735444746823235
LP001490,Male,No,3+,Graduate,No,4327,0,127.0,360.0,1.0,Semiurban,Y,4327,0.03407059786930811
LP001491,Male,Yes,0,Graduate,No,3447,0,63.0,360.0,1.0,Rural,Y,3447,0.05471341724734528
LP001492,Male,Yes,0,Graduate,No,3159,0,85.0,360.0,1.0,Semiurban,Y,3159,0.03716426865566287
LP001493,Male,No,0,Graduate,No,5419,1880,105.0,360.0,1.0,Rural,Y,7299,0.06951362367977448
LP001494,Male,No,0,Graduate,No,1789,3727,173.0,120.0,0.0,Urban,N,5516,0.031884208761799065
LP001495,Male,Yes,0,Graduate,No,6976,0,144.0,360.0,1.0,Rural,Y,6976,0.04844410802702759
LP001496,Male,No,1,Graduate,No,3464,0,90.0,360.0,1.0,Rural,Y,3464,0.038488461239319566
LP001497,Male,Yes,0,Graduate,No,2257,0,55.0,360.0,0.0,Urban,N,2257,0.04103561753422665
LP001498,Female,Yes,0,Graduate,No,3394,0,122.0,360.0,1.0,Urban,N,3394,0.02781944410291719
LP001499,Female,Yes,3+,Graduate,No,9454,0,123.0,360.0,1.0,Semiurban,Y,9454,0.07686116373037617
LP001500,Male,Yes,2,Graduate,No,3225,840,100.0,360.0,1.0,Rural,Y,4065,0.04064959350406496
LP001501,Male,Yes,1,Graduate,No,5514,523,137.0,360.0,0.0,Semiurban,N,6037,0.044065371785607405
LP001502,Male,Yes,0,Not Graduate,No,2868,1143,86.0,360.0,1.0,Semiurban,N,4011,0.04663899256985384
LP001503,Female,No,1,Graduate,No,7007,7004,352.0,360.0,1.0,Urban,N,14011,0.03980386419356763
LP001504,Male,Yes,0,Graduate,No,6709,309,133.0,360.0,1.0,Urban,Y,7018,0.05276652055247705
LP001505,Male,Yes,0,Graduate,No,13482,577,324.0,360.0,1.0,Rural,Y,14059,0.04339184138320561
LP001506,Female,No,0,Graduate,No,4002,0,110.0,360.0,0.0,Urban,N,4002,0.036381487441023264
LP001507,Male,No,2,Graduate,No,6642,5920,309.0,180.0,1.0,Semiurban,Y,12562,0.04065359011783133
LP001508,Female,No,0,Graduate,No,4716,1233,118.0,180.0,1.0,Rural,Y,5949,0.05041482699299159
LP001509,Male,No,0,Not Graduate,No,9677,497,201.0,360.0,0.0,Urban,Y,10174,0.05061666359868856
LP001510,Male,No,0,Graduate,No,2889,7162,253.0,360.0,1.0,Semiurban,N,10051,0.03972711570309999
LP001511,Male,Yes,0,Not Graduate,No,6953,0,171.0,360.0,1.0,Urban,Y,6953,0.04066058093227525
LP001512,Female,Yes,2,Graduate,No,3956,0,52.0,360.0,1.0,Semiurban,Y,3956,0.07607546008730601
LP001513,Female,Yes,1,Graduate,No,4279,699,103.0,360.0,1.0,Urban,Y,4978,0.04832962786769061
LP001514,Male,Yes,2,Not Graduate,No,4698,0,125.0,360.0,1.0,Rural,Y,4698,0.037583699330405354
LP001515,Male,Yes,0,Graduate,No,5173,1178,172.0,360.0,0.0,Urban,N,6351,0.036924203929046925
LP001516,Male,No,0,Graduate,No,4147,1745,130.0,360.0,1.0,Semiurban,Y,5892,0.045322728286705485
LP001517,Female,Yes,0,Graduate,No,5058,4276,119.0,360.0,1.0,Semiurban,Y,9334,0.07843631566121292
LP001518,Female,Yes,0,Graduate,No,11462,2706,319.0,480.0,1.0,Urban,N,14168,0.04441365387569318
LP001519,Male,Yes,0,Graduate,Yes,8032,0,144.0,360.0,1.0,Rural,Y,8032,0.055777390434788646
LP001520,Male,No,2,Graduate,No,7491,0,109.0,360.0,1.0,Urban,Y,7491,0.06872414014550325
LP001521,Male,Yes,0,Graduate,Yes,3383,1720,37.0,360.0,1.0,Semiurban,Y,5103,0.13791519148131132
LP001522,Female,No,0,Graduate,No,2608,2320,142.0,360.0,0.0,Urban,N,4928,0.034703980957880576
LP001523,Female,Yes,0,Graduate,No,7888,4329,268.0,360.0,1.0,Semiurban,Y,12217,0.045585650799810445
LP001524,Female,Yes,0,Graduate,No,7522,0,163.0,360.0,1.0,Urban,Y,7522,0.046146956153643226
LP001525,Male,Yes,0,Graduate,No,10760,0,276.0,480.0,1.0,Semiurban,Y,10760,0.038985365995050744
LP001526,Male,No,3+,Graduate,No,3095,875,118.0,360.0,0.0,Urban,N,3970,0.0336437826798078
LP001527,Male,Yes,2,Graduate,No,3874,0,145.0,360.0,1.0,Rural,Y,3874,0.026717057123743976
LP001528,Male,No,3+,Graduate,No,1662,1767,46.0,360.0,1.0,Urban,Y,3429,0.07454185778570031
LP001529,Female,Yes,0,Not Graduate,No,3514,0,89.0,360.0,1.0,Rural,Y,3514,0.0394827024415456
LP001530,Female,Yes,0,Graduate,Yes,8086,307,139.0,360.0,1.0,Rural,N,8393,0.060380860569348424
LP001531,Female,No,0,Graduate,No,3361,1305,106.0,180.0,1.0,Urban,Y,4666,0.044018452656107016
LP001532,Female,No,0,Graduate,No,6530,2235,187.0,240.0,1.0,Semiurban,Y,8765,0.04687140710477484
LP001533,Male,No,2,Graduate,No,3966,0,118.0,360.0,1.0,Urban,Y,3966,0.03360988466199439
LP001534,Male,No,0,Graduate,No,5401,1223,153.0,360.0,1.0,Semiurban,Y,6624,0.04329383468081908
LP001535,Female,No,0,Not Graduate,No,2233,473,92.0,360.0,1.0,Rural,Y,2706,0.029412723774741578
LP001536,Female,No,0,Graduate,No,4680,0,130.0,360.0,1.0,Semiurban,Y,4680,0.03599972307905324
LP001537,Male,No,0,Not Graduate,No,1500,731,129.0,180.0,1.0,Semiurban,Y,2231,0.017294439577987767
LP001538,Male,No,1,Not Graduate,Yes,3975,232,94.0,360.0,0.0,Urban,N,4207,0.04475484303358475
LP001539,Male,No,0,Not Graduate,No,1671,3483,94.0,360.0,0.0,Semiurban,Y,5154,0.05482920394463889
LP001540,Female,Yes,0,Not Graduate,No,9169,2883,130.0,360.0,1.0,Urban,Y,12052,0.09270697917708326
LP001541,Male,No,0,Graduate,No,7090,0,137.0,360.0,1.0,Rural,N,7090,0.051751447069729416
LP001542,Male,Yes,0,Graduate,No,5884,0,182.0,120.0,1.0,Semiurban,Y,5884,0.03232949269509508
LP001543,Male,No,2,Graduate,No,11076,0,233.0,360.0,1.0,Semiurban,Y,11076,0.04753627666834048
LP001544,Male,No,2,Graduate,No,2516,1602,85.0,360.0,1.0,Urban,N,4118,0.048446488864836885
LP001545,Male,Yes,3+,Graduate,No,12688,2760,314.0,360.0,1.0,Urban,Y,15448,0.049197295550014175
LP001546,Male,No,2,Graduate,No,7780,1055,218.0,360.0,1.0,Semiurban,Y,8835,0.04052733703056408
LP001547,Male,Yes,0,Graduate,No,3858,0,92.0,360.0,1.0,Urban,Y,3858,0.041934326800795646
LP001548,Male,Yes,1,Graduate,No,8790,0,176.0,360.0,1.0,Semiurban,Y,8790,0.04994289805171562
LP001549,Male,No,0,Graduate,No,2289,1564,147.0,360.0,1.0,Rural,Y,3853,0.02621070604961871
LP001550,Male,Yes,0,Graduate,No,2711,484,58.0,360.0,1.0,Rural,N,3195,0.05508525715073878
LP001551,Female,No,2,Graduate,Yes,3086,0,82.0,360.0,1.0,Semiurban,Y,3086,0.03763368739405617
LP001552,Male,No,0,Not Graduate,No,3237,688,118.0,360.0,0.0,Semiurban,N,3925,0.033262429979406954
LP001553,Male,Yes,3+,Graduate,Yes,2359,0,130.0,360.0,1.0,Urban,Y,2359,0.01814601426142876
LP001554,Female,Yes,0,Graduate,No,9263,0,219.0,360.0,1.0,Rural,Y,9263,0.042296610517760194
LP001555,Male,Yes,1,Graduate,No,3807,570,75.0,360.0,1.0,Urban,Y,4377,0.05835922187704164
LP001556,Male,Yes,1,Graduate,No,5494,0,154.0,360.0,1.0,Rural,N,5494,0.0356750930188765
LP001557,Male,No,2,Graduate,No,3158,3885,131.0,360.0,0.0,Semiurban,N,7043,0.05376294837443989
LP001558,Male,Yes,1,Graduate,No,1500,0,70.0,360.0,1.0,Semiurban,Y,1500,0.021428265310495565
LP001559,Male,Yes,1,Graduate,No,5229,0,157.0,120.0,1.0,Rural,N,5229,0.03330552034700416
LP001560,Male,Yes,0,Graduate,No,1500,0,75.0,360.0,1.0,Urban,Y,1500,0.019999733336888842
LP001561,Male,Yes,0,Graduate,No,4267,475,122.0,360.0,1.0,Semiurban,Y,4742,0.03886853386447652
LP001562,Male,No,0,Graduate,Yes,1956,0,52.0,360.0,0.0,Semiurban,N,1956,0.0376146612565143
LP001563,Male,Yes,1,Graduate,No,14652,642,308.0,360.0,1.0,Urban,Y,15294,0.04965568293609436
LP001564,Male,No,0,Graduate,No,7683,0,217.0,360.0,1.0,Semiurban,Y,7683,0.03540536679554472
LP001565,Male,Yes,0,Graduate,No,4738,0,93.0,360.0,1.0,Semiurban,Y,4738,0.05094568875603488
LP001566,Male,No,0,Not Graduate,No,9492,0,178.0,360.0,1.0,Rural,Y,9492,0.05332554311492632
LP001567,Male,Yes,0,Graduate,No,2676,2171,136.0,360.0,1.0,Urban,Y,4847,0.03563944382761892
LP001568,Female,Yes,1,Graduate,No,6161,8458,288.0,360.0,1.0,Rural,Y,14619,0.05076024041583189
LP001569,Male,No,0,Graduate,No,5013,0,91.0,360.0,1.0,Urban,N,5013,0.05508730673289305
LP001570,Male,Yes,0,Graduate,No,5210,3667,154.0,360.0,1.0,Urban,Y,8877,0.05764248284102051
LP001571,Male,No,0,Graduate,No,9541,3351,263.0,360.0,0.0,Urban,N,12892,0.049018825023479
LP001572,Male,No,3+,Graduate,No,6901,0,155.0,360.0,1.0,Urban,Y,6901,0.04452229340455868
LP001573,Male,Yes,1,Not Graduate,No,5288,2998,193.0,180.0,1.0,Urban,Y,8286,0.04293242003927441
LP001574,Female,Yes,0,Graduate,No,1647,0,81.0,360.0,1.0,Rural,Y,1647,0.020333082307625833
LP001575,Female,No,0,Graduate,No,2499,1116,108.0,360.0,1.0,Urban,Y,3615,0.03347191229710836
LP001576,Male,Yes,0,Graduate,No,4131,692,110.0,240.0,1.0,Urban,Y,4823,0.04384505595403678
LP001577,Female,Yes,2,Graduate,Yes,4703,753,123.0,360.0,1.0,Urban,Y,5456,0.04435736294826871
LP001578,Male,Yes,1,Graduate,No,2257,6903,218.0,360.0,1.0,Rural,Y,9160,0.0420181558800189
LP001579,Male,Yes,0,Graduate,No,18901,0,436.0,360.0,1.0,Rural,Y,18901,0.043350818002711004
LP001580,Male,Yes,0,Graduate,No,11046,2504,294.0,180.0,1.0,Urban,Y,13550,0.04608827861129724
LP001581,Female,No,0,Graduate,No,6382,0,133.0,240.0,1.0,Urban,Y,6382,0.047984601619536695
LP001582,Male,No,1,Graduate,Yes,4643,0,83.0,360.0,1.0,Urban,Y,4643,0.0559390850712642
LP001583,Male,No,2,Not Graduate,No,3915,3183,118.0,360.0,1.0,Urban,Y,7098,0.06015203260989314
LP001584,Male,No,0,Graduate,No,2512,455,99.0,360.0,0.0,Urban,Y,2967,0.029969394248542943
LP001585,Male,Yes,0,Not Graduate,No,4658,960,149.0,360.0,0.0,Semiurban,N,5618,0.03770444493661116
LP001586,Male,No,0,Graduate,Yes,5190,0,141.0,360.0,1.0,Urban,Y,5190,0.03680824958688236
LP001587,Male,Yes,3+,Not Graduate,No,2111,1464,87.0,360.0,1.0,Semiurban,Y,3575,0.04109148170710682
LP001588,Male,Yes,0,Graduate,No,5434,1160,194.0,360.0,1.0,Urban,Y,6594,0.03398951551796125
LP001589,Male,Yes,2,Not Graduate,No,4051,0,86.0,360.0,1.0,Rural,Y,4051,0.047104103440657664
LP001590,Male,Yes,1,Not Graduate,No,1500,0,78.0,360.0,0.0,Rural,Y,1500,0.019230522685606596
LP001591,Male,No,0,Graduate,No,2653,0,71.0,360.0,1.0,Semiurban,N,2653,0.03736567090604358
LP001592,Male,No,0,Not Graduate,No,3469,0,71.0,360.0,1.0,Semiurban,N,3469,0.048858466782157994
LP001593,Male,Yes,0,Graduate,No,13802,1067,335.0,180.0,1.0,Semiurban,Y,14869,0.044384942134501094
LP001594,Female,Yes,1,Graduate,No,6210,3483,226.0,360.0,1.0,Semiurban,Y,9693,0.042889190755793116
LP001595,Male,No,2,Graduate,No,1995,2740,125.0,360.0,1.0,Rural,Y,4735,0.0378796969624243
LP001596,Male,Yes,1,Graduate,No,5952,446,150.0,360.0,1.0,Semiurban,Y,6398,0.042653048979673466
LP001597,Male,Yes,0,Graduate,No,1757,0,54.0,360.0,1.0,Rural,Y,1757,0.03253643451047203
LP001598,Male,Yes,0,Graduate,No,8515,275,267.0,240.0,1.0,Rural,Y,8790,0.03292122501413852
LP001599,Male,No,3+,Graduate,No,3352,0,122.0,360.0,1.0,Semiurban,Y,3352,0.027475184629634185
LP001600,Male,No,2,Graduate,No,4204,6113,248.0,360.0,1.0,Semiurban,Y,10317,0.04160063870710199
LP001601,Male,Yes,0,Not Graduate,Yes,9852,0,220.0,360.0,1.0,Urban,Y,9852,0.04478161462902441
LP001602,Male,Yes,3+,Graduate,Yes,2054,687,105.0,360.0,1.0,Urban,Y,2741,0.026104513290349615
LP001603,Male,No,1,Graduate,No,1923,0,73.0,360.0,1.0,Semiurban,Y,1923,0.026342104902672567
LP001604,Male,No,1,Graduate,No,3133,0,83.0,360.0,0.0,Urban,N,3133,0.0377465331742991
LP001605,Male,Yes,2,Graduate,Yes,8291,807,192.0,360.0,0.0,Rural,N,9098,0.04738516986890693
LP001606,Male,No,2,Graduate,No,1787,0,53.0,360.0,0.0,Urban,Y,1787,0.03371634497462312
LP001607,Male,Yes,0,Graduate,No,1500,806,10.0,360.0,1.0,Semiurban,Y,2306,0.23057694230576942
LP001608,Male,Yes,0,Graduate,No,3392,0,94.0,240.0,1.0,Semiurban,Y,3392,0.036084722502952096
LP001609,Male,No,0,Not Graduate,No,6192,2429,130.0,360.0,1.0,Semiurban,Y,8621,0.06631487450096538
LP001610,Male,Yes,3+,Graduate,Yes,9137,0,250.0,180.0,1.0,Semiurban,N,9137,0.03654785380858477
LP001611,Male,Yes,0,Graduate,No,3368,0,87.0,360.0,0.0,Rural,N,3368,0.03871219871035965
LP001612,Male,Yes,0,Graduate,No,3474,0,53.0,360.0,0.0,Semiurban,N,3474,0.06554593309560197
LP001613,Male,Yes,0,Graduate,No,8886,1800,232.0,360.0,1.0,Semiurban,Y,10686,0.046060146292472876
